Units,Actual time,Predicted time,Error
1,23,97.21428571428571,74.21428571428571
2,29,97.21428571428571,68.21428571428571
3,49,97.21428571428571,48.21428571428571
4,64,97.21428571428571,33.21428571428571
4,74,97.21428571428571,23.214285714285708
5,87,97.21428571428571,10.214285714285708
6,96,97.21428571428571,1.2142857142857082
6,97,97.21428571428571,0.2142857142857082
7,109,97.21428571428571,-11.785714285714292
8,119,97.21428571428571,-21.785714285714292
9,149,97.21428571428571,-51.78571428571429
9,145,97.21428571428571,-47.78571428571429
10,154,97.21428571428571,-56.78571428571429
10,166,97.21428571428571,-68.78571428571429
